date,ipca,cambio,selic,ibcbr,icbr_usd,embi,pimp,vix
2003-01-01,2.25,3.4384,25.06,70.23115,67.35,1317.090909090909,62.06,27.424285714285713
2003-02-01,1.57,3.5908,25.68,71.50647,69.42,1293.15,64.23,32.21842105263158
2003-03-01,1.23,3.4469,26.32,71.03026,66.21,1090.3333333333333,63.9,30.634285714285717
2003-04-01,0.97,3.1187,26.32,70.5943,66.79,899.0952380952381,62.78,23.99190476190476
2003-05-01,0.61,2.9557,26.31,69.91287,67.61,783.8636363636364,62.29,20.23952380952381
2003-06-01,-0.15,2.8832,26.09,70.02401,66.55,755.0,61.85,20.362380952380953
2003-07-01,0.2,2.8798,25.36,69.17927,67.48,781.3913043478261,62.22,19.161363636363635
2003-08-01,0.34,3.0025,23.5,69.68172,68.6,780.2857142857143,62.84,19.274285714285714
2003-09-01,0.78,2.9228,21.02,71.28608,70.12,672.3181818181819,62.96,19.532380952380954
2003-10-01,0.29,2.8615,19.54,71.15015,72.96,626.9565217391304,62.17,18.023478260869567
2003-11-01,0.34,2.9138,18.31,71.33647,74.17,567.65,63.2,17.40105263157895
2003-12-01,0.52,2.9253,16.91,71.17521,76.04,489.1818181818182,64.21,16.826363636363638
2004-01-01,0.76,2.8518,16.32,72.46389,74.91,435.6190476190476,64.51,16.101
2004-02-01,0.61,2.9303,16.3,73.25925,75.61,545.6,66.54,15.99842105263158
2004-03-01,0.47,2.9055,16.19,74.05623,79.91,555.6086956521739,66.63,17.687391304347827
2004-04-01,0.37,2.906,15.96,74.40924,81.29,594.3333333333334,67.24,15.69857142857143
2004-05-01,0.51,3.1004,15.77,74.35066,82.64,725.8095238095239,67.79,17.705000000000002
2004-06-01,0.71,3.1291,15.8,74.98168,82.26,668.5454545454545,71.03,15.342727272727274
2004-07-01,0.91,3.0368,15.77,75.26439,81.21,615.0454545454545,69.72,15.502380952380953
2004-08-01,0.69,3.0029,15.86,75.6032,80.79,558.3181818181819,70.89,16.68409090909091
2004-09-01,0.33,2.8911,16.09,76.37664,82.69,488.8636363636364,70.78,14.08095238095238
2004-10-01,0.44,2.8529,16.41,75.83445,84.09,468.1904761904762,74.43,14.973809523809523
2004-11-01,0.69,2.786,16.96,76.69201,84.51,438.7272727272728,72.92,13.577619047619047
2004-12-01,0.86,2.7182,17.5,76.10127,85.32,397.9565217391304,72.73,12.459545454545456
2005-01-01,0.58,2.693,17.93,76.58051,85.83,422.2857142857143,72.85,13.437999999999999
2005-02-01,0.59,2.5978,18.47,77.06962,86.52,405.15,73.52,11.708947368421052
2005-03-01,0.61,2.7047,18.97,77.17342,90.23,422.3181818181818,74.5,13.126363636363635
2005-04-01,0.87,2.5792,19.32,77.72911,88.53,455.0952380952381,76.9,14.459047619047618
2005-05-01,0.49,2.4528,19.61,77.66362,86.97,436.1363636363636,76.92,13.967619047619047
2005-06-01,-0.02,2.4135,19.75,77.16947,85.45,422.6363636363636,77.69,11.868636363636364
2005-07-01,0.25,2.3735,19.72,77.1542,85.41,408.8095238095238,77.28,11.049
2005-08-01,0.17,2.3606,19.75,77.76065,87.61,401.3478260869565,79.31,12.951304347826087
2005-09-01,0.35,2.2944,19.61,77.55178,90.59,375.6363636363636,79.31,12.628095238095238
2005-10-01,0.75,2.2565,19.25,77.5771,94.36,371.8095238095238,80.97,14.937619047619048
2005-11-01,0.55,2.2108,18.87,78.21667,94.87,348.95454545454544,80.15,12.147619047619047
2005-12-01,0.36,2.2855,18.24,78.84386,100.0,313.5652173913044,79.49,11.26
2006-01-01,0.59,2.2739,17.65,79.43354,102.38,282.6818181818182,79.34,12.036
2006-02-01,0.41,2.1619,17.28,79.50207,103.28,238.65,79.61,12.471052631578948
2006-03-01,0.43,2.152,16.74,79.37173,99.65,229.3913043478261,82.02,11.69391304347826
2006-04-01,0.21,2.1293,16.19,79.8895,102.3,234.0,82.48,11.84736842105263
2006-05-01,0.1,2.1781,15.7,80.92504,104.26,246.08695652173915,83.83,14.454545454545455
2006-06-01,-0.21,2.2483,15.18,79.95344,101.24,262.1363636363636,84.39,16.918636363636363
2006-07-01,0.19,2.1893,14.98,81.47107,104.16,239.57142857142856,83.32,15.325999999999999
2006-08-01,0.05,2.1559,14.66,81.4818,102.91,218.17391304347825,84.49,13.351739130434783
2006-09-01,0.21,2.1687,14.17,81.68226,99.85,229.0,84.0,12.1845
2006-10-01,0.33,2.1483,13.95,82.54063,101.91,217.72727272727272,83.3,11.306363636363637
2006-11-01,0.31,2.1579,13.65,83.14267,105.86,219.8695652173913,83.2,10.817619047619049
2006-12-01,0.48,2.1499,13.19,84.17383,107.2,206.5,81.96,10.9645
2007-01-01,0.44,2.1385,13.13,83.86701,105.96,191.63636363636363,81.61,11.0425
2007-02-01,0.44,2.0963,12.93,84.10662,107.77,183.15,82.53,11.155263157894737
2007-03-01,0.37,2.0887,12.74,83.58801,108.08,186.63636363636363,81.91,15.162727272727272
2007-04-01,0.25,2.032,12.58,84.6705,107.86,154.7,85.45,12.933000000000002
2007-05-01,0.28,1.9816,12.43,85.46089,108.23,147.65217391304347,86.92,13.297727272727274
2007-06-01,0.28,1.9319,12.03,85.96834,108.84,147.0952380952381,88.59,14.947619047619046
2007-07-01,0.24,1.8828,11.73,86.59619,111.21,168.86363636363637,89.18,17.273333333333333
2007-08-01,0.47,1.966,11.43,86.74758,109.18,201.3913043478261,90.84,25.02608695652174
2007-09-01,0.18,1.8996,11.22,87.44112,113.54,191.1,90.74,22.198947368421056
2007-10-01,0.3,1.801,11.18,88.2978,118.04,169.91304347826087,91.48,19.115652173913045
2007-11-01,0.38,1.7699,11.18,88.25546,120.04,211.77272727272728,93.69,25.58238095238095
2007-12-01,0.74,1.786,11.18,89.02269,120.09,215.1,95.01,21.651
2008-01-01,0.54,1.7743,11.18,89.08048,126.3,244.0434782608696,96.22,25.816190476190474
2008-02-01,0.49,1.7277,11.18,89.02341,136.85,256.8095238095238,100.14,25.456
2008-03-01,0.48,1.7076,11.18,88.33665,141.0,276.25,103.03,27.103500000000004
2008-04-01,0.55,1.6889,11.37,89.5576,142.73,244.04545454545453,107.07,21.562727272727273
2008-05-01,0.79,1.6605,11.63,90.43939,145.93,205.0909090909091,107.31,18.303333333333335
2008-06-01,0.74,1.6189,12.09,91.24398,152.21,195.23809523809524,112.24,22.11047619047619
2008-07-01,0.53,1.5914,12.36,91.28925,150.71,232.30434782608697,116.22,24.321818181818184
2008-08-01,0.28,1.6123,12.92,91.45443,137.97,236.0,115.47,20.695714285714285
2008-09-01,0.26,1.7996,13.39,91.47165,129.98,289.0,114.93,30.23857142857143
2008-10-01,0.45,2.1729,13.66,89.62081,108.55,491.04545454545456,110.52,61.17739130434782
2008-11-01,0.36,2.2663,13.64,87.41284,99.88,467.7368421052632,106.86,62.66894736842105
2008-12-01,0.28,2.3944,13.66,85.04143,93.62,478.54545454545456,99.76,52.405
2009-01-01,0.48,2.3074,13.32,84.78082,96.05,429.3333333333333,101.57,44.683
2009-02-01,0.55,2.3127,12.66,85.50501,92.15,429.2,94.73,45.57052631578947
2009-03-01,0.2,2.3138,11.7,86.04371,90.28,433.6818181818182,94.76,44.79545454545455
2009-04-01,0.48,2.2059,11.11,86.30667,94.02,382.95238095238096,93.19,38.063809523809525
2009-05-01,0.47,2.0609,10.16,87.22501,100.49,313.1904761904762,93.23,31.977999999999998
2009-06-01,0.36,1.9576,9.54,87.76311,102.04,281.09090909090907,95.63,29.140454545454546
2009-07-01,0.24,1.9328,9.01,87.96265,101.63,270.2173913043478,96.22,26.162727272727274
2009-08-01,0.15,1.8452,8.65,89.39071,107.21,252.42857142857144,96.12,25.337142857142858
2009-09-01,0.24,1.8198,8.65,90.14438,107.76,240.6818181818182,96.19,24.92666666666667
2009-10-01,0.28,1.7384,8.65,90.83889,113.63,226.72727272727272,96.78,24.252272727272725
2009-11-01,0.41,1.7262,8.65,90.94536,116.07,220.9047619047619,96.95,23.788999999999998
2009-12-01,0.37,1.7503,8.65,92.3091,119.86,205.13636363636363,95.99,21.239545454545453
2010-01-01,0.75,1.7798,8.65,93.57618,123.96,208.21052631578948,94.87,20.643157894736845
2010-02-01,0.78,1.8416,8.65,94.52454,119.9,222.85,97.46,22.54
2010-03-01,0.52,1.7858,8.65,95.56427,116.89,189.6086956521739,96.71,17.767391304347825
2010-04-01,0.57,1.7566,8.72,95.90683,117.28,179.23809523809524,99.05,17.424285714285716
2010-05-01,0.43,1.8132,9.4,95.23393,112.73,224.28571428571428,100.55,31.9295
2010-06-01,0.0,1.8065,9.94,95.01107,111.26,235.63636363636363,100.16,29.916363636363634
2010-07-01,0.01,1.7696,10.32,95.5805,115.28,223.77272727272728,98.33,25.565238095238094
2010-08-01,0.04,1.7596,10.66,96.18092,121.83,206.3636363636364,100.86,24.74590909090909
2010-09-01,0.45,1.7187,10.66,97.02072,130.01,211.6818181818182,98.85,22.517619047619046
2010-10-01,0.75,1.6835,10.66,96.85487,138.83,186.7619047619048,100.55,20.37333333333333
2010-11-01,0.83,1.7133,10.66,97.98456,145.98,178.45454545454547,102.31,20.095714285714287
2010-12-01,0.63,1.6934,10.66,96.92949,154.0,177.65217391304347,102.59,17.56954545454545
2011-01-01,0.83,1.6749,10.85,98.10532,162.49,170.52380952380952,105.67,17.3155
2011-02-01,0.8,1.668,11.17,98.57375,172.27,174.25,107.5,17.43
2011-03-01,0.79,1.6591,11.62,98.52938,172.08,172.7391304347826,111.6,20.723478260869566
2011-04-01,0.77,1.5864,11.74,98.53672,173.94,172.0,115.61,16.244
2011-05-01,0.47,1.6135,11.92,98.81828,161.22,168.77272727272728,116.64,16.91142857142857
2011-06-01,0.15,1.587,12.1,99.12699,160.44,171.22727272727272,115.89,19.153181818181817
2011-07-01,0.16,1.5639,12.25,99.268,161.18,162.14285714285714,116.36,19.2275
2011-08-01,0.37,1.597,12.42,99.21621,158.97,200.4782608695652,117.74,35.02913043478261
2011-09-01,0.53,1.7498,11.91,99.06658,156.61,241.8636363636364,115.43,36.53
2011-10-01,0.43,1.7726,11.7,99.00175,149.35,239.66666666666663,114.91,32.829047619047614
2011-11-01,0.52,1.7905,11.4,99.49213,147.13,229.5,115.12,31.94190476190476
2011-12-01,0.5,1.8369,10.9,98.55546,141.43,218.9090909090909,116.25,25.047619047619047
2012-01-01,0.56,1.7897,10.7,97.40518,146.27,221.77272727272728,113.98,20.228
2012-02-01,0.45,1.7184,10.4,98.26666,148.65,202.52380952380952,115.38,18.4205
2012-03-01,0.21,1.7953,9.82,98.06309,145.32,178.3181818181818,117.41,16.167272727272728
2012-04-01,0.64,1.8548,9.35,98.38205,140.37,184.8,118.73,17.823
2012-05-01,0.36,1.986,8.87,99.62478,133.41,212.17391304347825,117.51,21.001818181818184
2012-06-01,0.08,2.0492,8.39,100.33945,128.65,218.3809523809524,114.69,21.13095238095238
2012-07-01,0.43,2.0287,8.07,100.51105,139.49,202.22727272727272,112.94,17.565238095238094
2012-08-01,0.41,2.0294,7.85,100.81136,140.49,170.91304347826087,111.99,15.689565217391305
2012-09-01,0.57,2.0281,7.39,100.41049,143.05,162.5,113.31,15.284736842105264
2012-10-01,0.59,2.0298,7.23,101.2612,141.44,150.30434782608697,112.71,16.276190476190475
2012-11-01,0.6,2.0678,7.14,101.10574,140.45,154.9090909090909,113.69,16.701904761904764
2012-12-01,0.79,2.0778,7.16,100.65859,141.64,147.15,113.26,17.307
2013-01-01,0.86,2.0311,7.11,101.5499,141.91,146.27272727272728,113.8,13.505238095238095
2013-02-01,0.6,1.9733,7.12,100.29752,141.4,161.65,115.28,14.072631578947368
2013-03-01,0.47,1.9828,7.15,101.3796,138.37,179.95,115.48,13.0315
2013-04-01,0.55,2.0022,7.26,102.47335,134.73,175.9090909090909,116.52,13.967272727272727
2013-05-01,0.37,2.0348,7.42,102.61634,132.73,176.95652173913044,116.15,13.493636363636364
2013-06-01,0.26,2.173,7.9,102.28408,130.51,229.25,114.49,17.2715
2013-07-01,0.03,2.2522,8.23,102.66998,128.52,226.95652173913044,112.89,13.974545454545455
2013-08-01,0.24,2.3422,8.45,102.92891,128.53,237.5909090909091,112.51,14.21
2013-09-01,0.35,2.2705,8.9,103.41456,129.78,228.8095238095238,113.21,14.692000000000002
2013-10-01,0.57,2.1886,9.25,103.38675,130.85,218.91304347826087,112.19,15.407826086956522
2013-11-01,0.54,2.2954,9.45,103.67138,128.61,236.04761904761904,113.08,12.924000000000001
2013-12-01,0.92,2.3455,9.9,103.98092,129.45,237.9047619047619,113.59,14.192380952380953
2014-01-01,0.55,2.3822,10.17,104.10493,129.98,251.6818181818182,111.04,14.24095238095238
2014-02-01,0.69,2.3837,10.43,103.33983,134.75,253.8,112.13,15.47
2014-03-01,0.92,2.3261,10.65,103.23255,138.19,234.0952380952381,113.62,14.836666666666666
2014-04-01,0.67,2.2328,10.87,102.77838,139.97,219.47619047619048,113.93,14.19809523809524
2014-05-01,0.46,2.2209,10.9,102.39281,138.17,209.27272727272728,113.18,12.475238095238096
2014-06-01,0.4,2.2355,10.9,100.21911,136.52,206.04761904761904,114.04,11.541428571428572
2014-07-01,0.01,2.2246,10.9,101.02896,134.93,209.65217391304347,112.79,12.296363636363635
2014-08-01,0.25,2.268,10.9,101.84135,130.89,219.52380952380952,112.73,13.491904761904761
2014-09-01,0.57,2.3329,10.9,102.43093,129.76,214.45454545454547,110.95,13.466666666666667
2014-10-01,0.42,2.4483,10.92,101.53761,130.05,239.91304347826087,110.5,18.058695652173913
2014-11-01,0.51,2.5484,11.15,101.70587,130.04,247.5,110.4,13.413157894736841
2014-12-01,0.78,2.6394,11.58,102.14826,125.12,265.1818181818182,106.83,16.292272727272728
2015-01-01,1.24,2.6342,11.82,101.21789,119.36,288.7142857142857,105.04,19.1195
2015-02-01,1.22,2.8165,12.15,100.7847,116.74,308.95,101.87,15.90421052631579
2015-03-01,1.32,3.1395,12.58,100.49469,113.37,328.1363636363636,98.29,14.812727272727273
2015-04-01,0.71,3.0432,12.68,99.08075,113.96,292.72727272727275,100.5,13.494761904761905
2015-05-01,0.74,3.0617,13.15,98.45096,114.88,279.95238095238096,100.68,13.3385
2015-06-01,0.79,3.1117,13.58,97.54178,113.9,291.8181818181818,99.14,14.339545454545457
2015-07-01,0.62,3.2231,13.69,96.38486,113.75,317.4347826086956,98.49,14.352727272727272
2015-08-01,0.22,3.5143,14.15,96.86689,109.28,334.6190476190476,98.87,19.42809523809524
2015-09-01,0.54,3.9065,14.15,96.15685,107.6,405.4090909090909,96.74,24.377142857142857
2015-10-01,0.82,3.8801,14.15,96.48884,109.19,412.8636363636364,96.79,16.789545454545454
2015-11-01,1.01,3.7765,14.15,95.57453,106.5,398.0952380952381,93.58,16.21
2015-12-01,0.96,3.8711,14.15,95.20894,105.09,486.95454545454544,94.1,18.025454545454547
2016-01-01,1.27,4.0524,14.15,94.66226,103.63,516.8,91.38,23.717894736842105
2016-02-01,0.9,3.9737,14.15,94.74393,104.03,531.2857142857143,90.28,22.517
2016-03-01,0.43,3.7039,14.15,94.09411,105.2,435.0,88.93,15.84909090909091
2016-04-01,0.61,3.5658,14.15,94.068,105.62,403.04761904761904,91.0,14.300476190476191
2016-05-01,0.78,3.5393,14.15,93.81383,107.31,388.6363636363636,86.33,14.852857142857141
2016-06-01,0.35,3.4245,14.15,94.04903,111.46,382.1363636363636,88.38,17.774545454545457
2016-07-01,0.52,3.2756,14.15,93.70009,110.79,340.1904761904762,90.16,13.1585
2016-08-01,0.44,3.2097,14.15,93.41168,110.83,309.6521739130435,90.73,12.399565217391304
2016-09-01,0.08,3.2564,14.15,93.56455,111.16,317.6818181818182,90.06,14.21952380952381
2016-10-01,0.26,3.1858,14.05,93.12335,113.37,312.7619047619048,90.79,14.585238095238097
2016-11-01,0.18,3.342,13.9,93.09519,114.11,330.6363636363636,90.3,15.236190476190476
2016-12-01,0.3,3.3523,13.65,92.76336,116.13,330.6818181818182,90.5,12.472380952380954
2017-01-01,0.38,3.1966,13.17,93.05591,118.15,298.1818181818182,90.42,11.6085
2017-02-01,0.33,3.1042,12.82,94.62367,117.54,277.95,92.28,11.530526315789475
2017-03-01,0.25,3.1279,12.15,94.50972,114.05,278.0869565217391,93.78,11.89782608695652
2017-04-01,0.14,3.1362,11.59,94.60644,113.81,268.6842105263158,95.26,13.136315789473684
2017-05-01,0.31,3.2095,11.15,94.16546,113.99,269.8260869565217,94.36,10.862272727272726
2017-06-01,-0.23,3.2954,10.15,94.97563,110.83,288.95454545454544,94.1,10.513636363636364
2017-07-01,0.24,3.2061,10.01,95.01986,112.35,276.4,93.29,10.2645
2017-08-01,0.19,3.1509,9.15,94.70182,111.89,271.6521739130435,93.4,11.975652173913044
2017-09-01,0.16,3.1348,8.35,94.75708,114.91,257.9047619047619,92.41,10.437999999999999
2017-10-01,0.42,3.1912,8.01,94.93723,116.44,240.8636363636364,94.43,10.125454545454545
2017-11-01,0.28,3.2594,7.4,95.0345,119.96,247.95454545454547,95.38,10.54047619047619
2017-12-01,0.44,3.2919,7.0,96.23112,117.75,238.95,96.63,10.2645
2018-01-01,0.29,3.2106,6.9,95.81567,121.73,225.95454545454547,95.76,11.062380952380952
2018-02-01,0.32,3.2415,6.72,95.53048,120.98,237.10526315789477,98.3,22.464736842105264
2018-03-01,0.09,3.2792,6.58,95.31633,117.8,243.95238095238096,99.77,19.023809523809526
2018-04-01,0.22,3.4075,6.4,95.98808,117.93,245.23809523809524,102.4,18.267619047619046
2018-05-01,0.4,3.6361,6.4,93.16104,120.71,267.2608695652174,101.76,14.124545454545455
2018-06-01,1.26,3.7732,6.4,95.72684,119.9,325.7619047619048,100.55,13.678095238095239
2018-07-01,0.33,3.8288,6.4,96.21743,117.63,293.6363636363636,99.91,13.147619047619049
2018-08-01,-0.09,3.9298,6.4,96.78176,115.58,305.69565217391306,100.21,12.54695652173913
2018-09-01,0.48,4.1165,6.4,96.41957,116.89,320.7,100.59,12.910526315789474
2018-10-01,0.45,3.7584,6.4,96.63611,120.26,267.3478260869565,99.72,19.35217391304348
2018-11-01,-0.21,3.7867,6.4,96.78641,116.59,262.6818181818182,99.63,19.38904761904762
2018-12-01,0.15,3.8851,6.4,97.06557,113.98,269.95,101.4,24.953157894736844
2019-01-01,0.32,3.7417,6.4,97.10749,114.01,252.1818181818182,96.97,19.57238095238095
2019-02-01,0.43,3.7236,6.4,96.48821,115.02,240.45,96.93,15.234736842105262
2019-03-01,0.75,3.8465,6.4,95.72091,114.38,247.14285714285717,97.3,14.485238095238095
2019-04-01,0.57,3.8962,6.4,95.67285,114.42,250.8181818181818,97.18,12.949047619047619
2019-05-01,0.13,4.0015,6.4,97.07555,109.32,259.0869565217391,98.16,16.721818181818183
2019-06-01,0.01,3.8588,6.4,96.73976,107.7,248.3,96.1,15.836000000000002
2019-07-01,0.19,3.7793,6.4,96.37548,109.16,220.8695652173913,98.37,13.305909090909092
2019-08-01,0.11,4.02,5.9,96.64917,102.93,239.9090909090909,95.11,18.97909090909091
2019-09-01,-0.04,4.1215,5.71,97.00754,105.61,235.33333333333331,93.88,15.559000000000001
2019-10-01,0.1,4.087,5.38,98.06511,108.87,243.5217391304348,94.2,15.466521739130435
2019-11-01,0.51,4.1553,4.9,97.82829,112.33,237.7619047619048,94.68,12.5235
2019-12-01,1.15,4.1096,4.59,97.59387,114.38,222.0952380952381,94.4,13.756666666666666
2020-01-01,0.21,4.1495,4.4,97.6733,114.64,218.63636363636363,91.78,13.94095238095238
2020-02-01,0.25,4.341,4.19,97.79657,108.68,210.95,91.8,19.628947368421052
2020-03-01,0.07,4.8839,3.95,91.3612,92.81,350.54545454545456,93.08,57.73681818181819
2020-04-01,-0.31,5.3256,3.65,83.03874,86.43,421.6666666666667,89.97,41.453809523809525
2020-05-01,-0.38,5.6434,3.01,85.40683,91.51,417.0,86.07,30.897000000000002
2020-06-01,0.26,5.1966,2.58,89.37575,94.64,369.7272727272728,89.36,31.119545454545456
2020-07-01,0.36,5.2802,2.15,91.66985,99.47,361.4347826086956,89.99,26.840454545454545
2020-08-01,0.24,5.4612,1.94,93.56053,105.17,322.3809523809524,89.63,22.88952380952381
2020-09-01,0.64,5.3995,1.9,95.34074,107.07,322.95454545454544,87.45,27.64761904761905
2020-10-01,0.86,5.6258,1.9,97.29482,108.43,316.1363636363636,87.22,29.438636363636363
2020-11-01,0.89,5.4178,1.9,97.44269,112.34,277.6,84.89,24.9955
2020-12-01,1.35,5.1456,1.9,97.68774,116.95,263.04545454545456,87.91,22.37409090909091
2021-01-01,0.25,5.3562,1.9,97.89283,124.42,277.9,87.33,24.91
2021-02-01,0.86,5.4165,1.9,98.78724,131.58,276.45,88.02,23.140526315789476
2021-03-01,0.93,5.6461,2.23,95.27117,132.87,300.4782608695652,91.83,21.84304347826087
2021-04-01,0.31,5.5621,2.65,96.32836,136.47,286.1904761904762,96.87,17.416190476190476
2021-05-01,0.83,5.2911,3.29,96.98365,145.09,264.23809523809524,98.65,19.7605
2021-06-01,0.53,5.0319,3.76,96.79721,147.02,264.27272727272725,100.43,16.956818181818182
2021-07-01,0.96,5.1567,4.15,96.31464,151.02,291.8181818181818,101.92,17.603333333333335
2021-08-01,0.87,5.2517,5.01,97.07568,153.32,307.3181818181818,107.49,17.472727272727273
2021-09-01,1.16,5.2797,5.43,96.95969,156.16,314.45454545454544,106.23,19.824761904761903
2021-10-01,1.25,5.54,6.3,97.48142,165.53,336.6666666666667,108.44,17.871428571428574
2021-11-01,0.95,5.5569,7.65,98.97262,164.48,349.77272727272725,112.25,18.50047619047619
2021-12-01,0.73,5.6514,8.76,99.35339,160.55,337.1304347826087,110.36,21.354545454545455
2022-01-01,0.54,5.5341,9.15,97.34401,168.92,332.42857142857144,112.76,23.181
2022-02-01,1.01,5.1966,10.49,98.43725,178.54,330.6842105263158,118.36,25.748421052631578
2022-03-01,1.62,4.9684,11.15,99.55981,194.52,320.69565217391306,119.17,26.968695652173913
2022-04-01,1.06,4.758,11.65,99.51646,201.43,292.8,129.75,24.3735
2022-05-01,0.47,4.9551,12.51,99.67415,199.34,314.04545454545456,133.85,29.313636363636363
2022-06-01,0.67,5.0492,12.89,99.6343,193.83,333.8636363636364,134.67,28.23318181818182
2022-07-01,-0.68,5.3681,13.15,101.27684,177.85,348.1,127.53,24.995238095238093
2022-08-01,-0.36,5.1433,13.58,101.07328,184.29,295.1304347826087,125.99,22.169565217391302
2022-09-01,-0.29,5.237,13.65,101.17973,178.54,274.8636363636364,120.79,27.34181818181818
2022-10-01,0.59,5.2503,13.65,101.46342,171.83,270.05,119.58,30.005714285714287
2022-11-01,0.41,5.2747,13.65,100.66227,173.24,266.45,120.97,23.29909090909091
2022-12-01,0.62,5.2424,13.65,100.58196,170.37,258.95238095238096,116.99,21.784285714285716
2023-01-01,0.53,5.2007,13.65,100.05178,167.31,256.8,118.56,20.16904761904762
2023-02-01,0.84,5.1717,13.65,103.00964,165.51,250.1578947368421,117.4,20.1205
2023-03-01,0.71,5.2115,13.65,103.09341,159.69,259.60869565217394,118.13,21.644347826086957
2023-04-01,0.61,5.0197,13.65,104.1626,164.9,257.05,115.88,17.817894736842106
2023-05-01,0.23,4.9828,13.65,102.3642,158.44,253.3636363636364,115.2,17.63608695652174
2023-06-01,-0.08,4.8516,13.65,102.50431,161.43,233.05263157894737,112.07,14.003181818181817
2023-07-01,0.12,4.8008,13.65,102.83357,166.23,216.7,112.32,13.932380952380951
2023-08-01,0.23,4.9035,13.19,102.45222,167.38,210.8695652173913,109.23,15.85391304347826
2023-09-01,0.26,4.937,12.97,102.57885,172.38,205.85,107.68,15.173333333333332
2023-10-01,0.24,5.0648,12.65,102.87707,169.77,201.55,109.12,18.887727272727272
2023-11-01,0.28,4.8983,12.17,103.528,166.43,199.8571428571429,107.91,14.01909090909091
2023-12-01,0.56,4.8972,11.87,104.8991,160.03,194.5,107.6,12.7185
2024-01-01,0.42,4.9144,11.65,104.53245,160.77,200.66666666666663,106.55,13.388636363636364
2024-02-01,0.83,4.9644,11.15,104.75961,165.81,209.7,107.32,13.980476190476189
2024-03-01,0.16,4.9801,11.0,104.7097,169.49,207.3,107.87,13.7875
2024-04-01,0.38,5.1291,10.65,104.75682,174.23,212.22727272727272,108.99,16.137727272727275
2024-05-01,0.46,5.133,10.46,105.70704,172.47,211.27272727272728,108.88,13.058695652173913
2024-06-01,0.21,5.389,10.4,106.57623,173.49,228.68421052631575,105.33,12.667
2024-07-01,0.38,5.542,10.4,106.88756,170.84,226.9047619047619,104.38,14.373913043478263
2024-08-01,-0.02,5.5526,10.4,107.14396,166.57,,106.8,19.312272727272727
2024-09-01,0.44,5.5416,10.5,107.99916,169.66,,104.9,17.663333333333334
2024-10-01,0.56,5.6241,10.65,108.15356,174.84,,102.25,19.960869565217394
2024-11-01,0.39,5.8071,11.04,107.98489,175.99,,103.54,16.015238095238097
2024-12-01,0.52,6.097,11.77,107.44467,178.78,,101.33,15.866190476190477
2025-01-01,0.16,6.0218,12.24,108.06979,182.97,,102.6,16.763636363636365
2025-02-01,1.31,5.7656,13.15,108.77346,182.79,,102.36,16.968
2025-03-01,0.56,5.7468,13.57,110.09056,177.5,,106.76,21.841428571428573
2025-04-01,0.43,5.7837,14.15,109.72323,175.05,,106.48,31.966190476190473
2025-05-01,0.26,5.6674,14.55,109.00057,176.96,,105.49,20.46227272727273
2025-06-01,0.24,5.5471,14.74,108.76683,178.44,,104.64,18.403333333333336
2025-07-01,0.26,5.5285,14.9,108.27053,177.97,,105.93,16.381304347826084
2025-08-01,-0.11,5.4469,14.9,108.80021,179.72,,108.51,15.75
2025-09-01,0.48,5.3674,14.9,108.63642,182.31,,106.37,15.789090909090909
2025-10-01,0.09,5.3855,14.9,108.7159,181.23,,104.09,18.086521739130436
2025-11-01,0.18,5.3409,14.9,109.27405,177.21,,106.36,19.7695
2025-12-01,0.33,5.4531,14.9,109.41762,180.87,,101.87,15.548181818181819
2026-01-01,0.33,5.338,14.9,110.05486,188.29,,103.38,16.17904761904762
2026-02-01,0.7,5.2006,14.9,110.65892,187.16,,106.45,19.207
2026-03-01,0.88,5.2316,14.8,110.51078,194.92,,109.13,25.596818181818183
2026-04-01,0.67,5.0331,14.64,110.95732,201.19,,110.81,19.811904761904763
2026-05-01,0.58,4.9837,14.4,111.03587,207.7,,115.13,17.237142857142857
